{
  "n_turns": 45690,
  "mu": 82.51551761873495,
  "var": 849.1050252360156,
  "fano_factor": 10.290246607423915,
  "expectation_tail_sum": 82.51551761873479,
  "expectation_direct": 82.51551761873495,
  "lambda_hat": 82.51551761873495,
  "poisson_approx_error": 59.5870666549593,
  "poisson_chi2_stat": 1.6074890318915968e+28,
  "poisson_chi2_pvalue": 0.0,
  "k_grid": [
    0,
    1,
    2,
    3,
    4,
    5,
    6,
    7,
    8,
    9,
    10,
    11,
    12,
    13,
    14,
    15,
    16,
    17,
    18,
    19,
    20,
    21,
    22,
    23,
    24,
    25,
    26,
    27,
    28,
    29,
    30,
    31,
    32,
    33,
    34,
    35,
    36,
    37,
    38,
    39,
    40,
    41,
    42,
    43,
    44,
    45,
    46,
    47,
    48,
    49,
    50,
    51,
    52,
    53,
    54,
    55,
    56,
    57,
    58,
    59,
    60,
    61,
    62,
    63,
    64,
    65,
    66,
    67,
    68,
    69,
    70,
    71,
    72,
    73,
    74,
    75,
    76,
    77,
    78,
    79,
    80,
    81,
    82,
    83,
    84,
    85,
    86,
    87,
    88,
    89,
    90,
    91,
    92,
    93,
    94,
    95,
    96,
    97,
    98,
    99,
    100,
    101,
    102,
    103,
    104,
    105,
    106,
    107,
    108,
    109,
    110,
    111,
    112,
    113,
    114,
    115,
    116,
    117,
    118,
    119,
    120,
    121,
    122,
    123,
    124,
    125,
    126,
    127,
    128,
    129,
    130,
    131,
    132,
    133,
    134,
    135,
    136,
    137,
    138,
    139,
    140,
    141,
    142,
    143,
    144,
    145,
    146,
    147,
    148,
    149,
    150,
    151,
    152,
    153,
    154,
    155,
    156,
    157,
    158,
    159,
    160,
    161,
    162,
    163,
    164,
    165,
    166,
    167,
    168,
    169,
    170,
    171,
    172,
    173,
    174,
    175,
    176,
    177,
    178,
    179,
    180,
    181,
    182,
    183,
    184,
    185,
    186,
    187,
    188,
    189,
    190,
    191,
    192,
    193,
    194,
    195,
    196,
    197,
    198,
    199,
    200,
    201,
    202,
    203,
    204,
    205,
    206,
    207,
    208,
    209,
    210,
    211,
    212,
    213,
    214,
    215,
    216,
    217,
    218,
    219,
    220
  ],
  "empirical_pmf": [
    0.0,
    0.0,
    0.0,
    0.0,
    0.000984898227183191,
    0.0005690523090391771,
    0.0003501860363318013,
    0.0017509301816590063,
    0.00045961917268548915,
    0.0005909389363099146,
    0.0017290435543882688,
    0.00271394178157146,
    0.001050558108995404,
    0.001291311008973517,
    0.0010067848544539286,
    0.0009630115999124535,
    0.0011599912453490917,
    0.001510177281680893,
    0.0014664040271394178,
    0.002341869117968921,
    0.002451302254322609,
    0.002385642372510396,
    0.002495075508864084,
    0.002538848763405559,
    0.0025607353906762966,
    0.0031516743269862113,
    0.0033486539724228498,
    0.005143357408623331,
    0.0038301597723790766,
    0.004421098708688991,
    0.004552418472313417,
    0.00822937185379733,
    0.005296563799518495,
    0.006084482381265047,
    0.0063033486539724225,
    0.006172028890347997,
    0.005778069599474721,
    0.006631648063033487,
    0.006675421317574962,
    0.005931275990369884,
    0.0066973079448456995,
    0.00695994747209455,
    0.007310133508426351,
    0.006675421317574962,
    0.007178813744801926,
    0.007025607353906763,
    0.007178813744801926,
    0.007156927117531188,
    0.008098052090172904,
    0.0068505143357408625,
    0.006719194572116437,
    0.007113153862989713,
    0.006478441672138324,
    0.007244473626614139,
    0.0070474939811775005,
    0.006587874808492012,
    0.006675421317574962,
    0.006434668417596849,
    0.0063033486539724225,
    0.006719194572116437,
    0.006456555044867586,
    0.006609761435762749,
    0.0068724009630116,
    0.007266360253884876,
    0.006806741081199387,
    0.006741081199387175,
    0.005778069599474721,
    0.006894287590282338,
    0.006938060844823813,
    0.006806741081199387,
    0.007332020135697089,
    0.005734296344933246,
    0.00632523528124316,
    0.0065003282994090614,
    0.006281462026701685,
    0.007025607353906763,
    0.007747866053841103,
    0.007638432917487416,
    0.006259575399430947,
    0.006653534690304224,
    0.0073976800175093015,
    0.007332020135697089,
    0.007682206172028891,
    0.008076165462902166,
    0.008163711971985116,
    0.008404464871963231,
    0.008470124753775444,
    0.008185598599255856,
    0.008820310790107245,
    0.009258043335521996,
    0.009148610199168308,
    0.010111621799080761,
    0.009827095644561173,
    0.010461807835412562,
    0.011074633398993216,
    0.011599912453490917,
    0.012103304880717881,
    0.012716130444298533,
    0.014685926898664915,
    0.014401400744145327,
    0.01556139198949442,
    0.016327423943970232,
    0.019107025607353906,
    0.021580214488947255,
    0.019282118625519807,
    0.022630772597942658,
    0.02396585686145765,
    0.026833005033924273,
    0.028233749179251477,
    0.029131100897351717,
    0.030203545633617858,
    0.03173560954256949,
    0.03228277522433793,
    0.0276646968702123,
    0.022039833661632743,
    0.017596848325673015,
    0.012694243817027795,
    0.007222586999343401,
    0.004552418472313417,
    0.0024294156270518712,
    0.0011381046180783541,
    0.0005690523090391771,
    0.00037207266360253884,
    0.00028452615451958854,
    0.00015320639089516305,
    0.0002188662727073758,
    0.0001094331363536879,
    8.754650908295032e-05,
    0.0001313197636244255,
    8.754650908295032e-05,
    0.0,
    4.377325454147516e-05,
    6.565988181221274e-05,
    4.377325454147516e-05,
    2.188662727073758e-05,
    2.188662727073758e-05,
    2.188662727073758e-05,
    4.377325454147516e-05,
    0.0,
    0.0,
    0.0,
    4.377325454147516e-05,
    0.0,
    4.377325454147516e-05,
    6.565988181221274e-05,
    0.0,
    0.0,
    4.377325454147516e-05,
    2.188662727073758e-05,
    0.0,
    0.0,
    0.0,
    0.0,
    0.0,
    0.0,
    2.188662727073758e-05,
    6.565988181221274e-05,
    0.0,
    0.0,
    0.0,
    0.0,
    0.0,
    0.0,
    4.377325454147516e-05,
    0.0,
    4.377325454147516e-05,
    0.0,
    6.565988181221274e-05,
    0.0,
    0.0,
    0.0,
    2.188662727073758e-05,
    0.0,
    0.0,
    2.188662727073758e-05,
    0.0,
    2.188662727073758e-05,
    0.0,
    0.0,
    0.0,
    0.0,
    0.0,
    0.0,
    0.0,
    0.0,
    0.0,
    0.0,
    0.0,
    0.0,
    0.0,
    0.0,
    0.0,
    0.0,
    0.0,
    0.0,
    0.0,
    0.0,
    0.0,
    0.0,
    0.0,
    0.0,
    0.0,
    0.0,
    0.0,
    0.0,
    0.0,
    0.0,
    0.0,
    0.0,
    0.0,
    0.0,
    0.0,
    0.0,
    0.0,
    0.0,
    0.0,
    0.0,
    0.0,
    0.0,
    0.0,
    2.188662727073758e-05
  ],