{
  "n_turns": 70133,
  "mu": 77.646158014059,
  "var": 771.6799044270358,
  "fano_factor": 9.938417098336167,
  "expectation_tail_sum": 77.6461580140588,
  "expectation_direct": 77.646158014059,
  "lambda_hat": 77.646158014059,
  "le_cam_tv_bound": 53.23882617896966,
  "poisson_chi2_stat": 5.863522995008911e+26,
  "poisson_chi2_pvalue": 0.0,
  "k_grid": [
    0,
    1,
    2,
    3,
    4,
    5,
    6,
    7,
    8,
    9,
    10,
    11,
    12,
    13,
    14,
    15,
    16,
    17,
    18,
    19,
    20,
    21,
    22,
    23,
    24,
    25,
    26,
    27,
    28,
    29,
    30,
    31,
    32,
    33,
    34,
    35,
    36,
    37,
    38,
    39,
    40,
    41,
    42,
    43,
    44,
    45,
    46,
    47,
    48,
    49,
    50,
    51,
    52,
    53,
    54,
    55,
    56,
    57,
    58,
    59,
    60,
    61,
    62,
    63,
    64,
    65,
    66,
    67,
    68,
    69,
    70,
    71,
    72,
    73,
    74,
    75,
    76,
    77,
    78,
    79,
    80,
    81,
    82,
    83,
    84,
    85,
    86,
    87,
    88,
    89,
    90,
    91,
    92,
    93,
    94,
    95,
    96,
    97,
    98,
    99,
    100,
    101,
    102,
    103,
    104,
    105,
    106,
    107,
    108,
    109,
    110,
    111,
    112,
    113,
    114,
    115,
    116,
    117,
    118,
    119,
    120,
    121,
    122,
    123,
    124,
    125,
    126,
    127,
    128,
    129,
    130,
    131,
    132,
    133,
    134,
    135,
    136,
    137,
    138,
    139,
    140,
    141,
    142,
    143,
    144,
    145,
    146,
    147,
    148,
    149,
    150,
    151,
    152,
    153,
    154,
    155,
    156,
    157,
    158,
    159,
    160,
    161,
    162,
    163,
    164,
    165,
    166,
    167,
    168,
    169,
    170,
    171,
    172,
    173,
    174,
    175,
    176,
    177,
    178,
    179,
    180,
    181,
    182,
    183,
    184,
    185,
    186,
    187,
    188,
    189,
    190,
    191,
    192,
    193,
    194,
    195
  ],
  "empirical_pmf": [
    0.0,
    0.0,
    0.0,
    2.8517245804400212e-05,
    0.0012690174382958095,
    0.0034505867423324254,
    0.0015541898963398115,
    0.0011121725863716082,
    0.00041350006416380304,
    0.0004990518015770037,
    0.004619793820312834,
    0.0013688277986112101,
    0.0010408794718606076,
    0.0009125518657408068,
    0.00135456917570901,
    0.0015399312734376113,
    0.0008697759970342064,
    0.0010266208489584077,
    0.0013260519299046099,
    0.001882138223090414,
    0.0029087590720488217,
    0.0018251037314816136,
    0.0021245348124278155,
    0.002423965893374018,
    0.002566552122396019,
    0.0037072419545720273,
    0.0033080005133104243,
    0.004890707655454636,
    0.003108379792679623,
    0.0035503971026478263,
    0.005061811130281037,
    0.004962000769965637,
    0.004776638672237036,
    0.005104586998987638,
    0.005190138736400838,
    0.005789000898293243,
    0.005546604308955841,
    0.005917328504413044,
    0.006387863060185647,
    0.0059601043731196445,
    0.006986725222078051,
    0.007058018336589052,
    0.007528552892361656,
    0.007542811515263856,
    0.008027604693938659,
    0.008740535839048665,
    0.008526656495515664,
    0.008911639313875066,
    0.009039966919994867,
    0.00945346698415867,
    0.00925384626352787,
    0.00926810488643007,
    0.009039966919994867,
    0.008925897936777265,
    0.008683501347439865,
    0.00945346698415867,
    0.009367915246745469,
    0.00953901872157187,
    0.009624570458985071,
    0.009624570458985071,
    0.009168294526114668,
    0.009681604950593871,
    0.009367915246745469,
    0.009139777280310268,
    0.00941069111545207,
    0.00952476009866967,
    0.00949624285286527,
    0.008897380690972866,
    0.008056121939743059,
    0.008854604822266266,
    0.008512397872613464,
    0.01076526029116108,
    0.008968673805483867,
    0.009011449674190467,
    0.008583690987124463,
    0.009325139378038869,
    0.008982932428386067,
    0.009781415310909272,
    0.009924001539931273,
    0.010351760226997277,
    0.011064691372107282,
    0.01234796743330529,
    0.011193018978227083,
    0.011093208617911682,
    0.010180656752170876,
    0.009638829081887271,
    0.009168294526114668,
    0.009866967048322474,
    0.008811828953559666,
    0.00949624285286527,
    0.008769053084853064,
    0.008897380690972866,
    0.00951050147576747,
    0.009866967048322474,
    0.010551380947628078,
    0.01099339825759628,
    0.012647398514251493,
    0.014301398770906706,
    0.013944933198351703,
    0.01621205423980152,
    0.017081830236835727,
    0.019391727146992145,
    0.020033365177591148,
    0.02161607231973536,
    0.022229193104529966,
    0.02275676215191137,
    0.023712089886358777,
    0.023540986411532374,
    0.02302767598705317,
    0.02150200333651776,
    0.021188313632669358,
    0.019249140917970142,
    0.01641167496043232,
    0.012946829595197697,
    0.009225329017723468,
    0.00671581138693625,
    0.004420173099682033,
    0.002395448647569618,
    0.0015541898963398115,
    0.0007557070138166056,
    0.0004705345557726035,
    0.00039924144126160294,
    0.00014258622902200106,
    0.00011406898321760085,
    0.00014258622902200106,
    7.129311451100053e-05,
    2.8517245804400212e-05,
    0.00012832760611980096,
    1.4258622902200106e-05,
    5.7034491608800424e-05,
    1.4258622902200106e-05,
    7.129311451100053e-05,
    1.4258622902200106e-05,
    2.8517245804400212e-05,
    0.0,
    1.4258622902200106e-05,
    4.2775868706600316e-05,
    4.2775868706600316e-05,
    2.8517245804400212e-05,
    2.8517245804400212e-05,
    0.0,
    0.0,
    0.0,
    0.0,
    0.0,
    0.0,
    0.0,
    0.0,
    0.0,
    0.0,
    0.0,
    0.0,
    0.0,
    0.0,
    0.0,
    0.0,
    0.0,
    0.0,
    0.0,
    0.0,
    0.0,
    0.0,
    0.0,
    0.0,
    1.4258622902200106e-05,
    0.0,
    0.0,
    0.0,
    0.0,
    0.0,
    0.0,
    0.0,
    1.4258622902200106e-05,
    0.0,
    1.4258622902200106e-05,
    0.0,
    0.0,
    0.0,
    0.0,
    0.0,
    0.0,
    0.0,
    0.0,
    0.0,
    0.0,
    0.0,
    0.0,
    0.0,
    0.0,
    0.0,
    0.0,
    0.0,
    0.0,
    0.0,
    0.0,
    1.4258622902200106e-05
  ],