{
  "n_turns": 70133,
  "mu": 77.646158014059,
  "running_mean_n": [
    1,
    353,
    705,
    1058,
    1410,
    1763,
    2115,
    2467,
    2820,
    3172,
    3525,
    3877,
    4230,
    4582,
    4934,
    5287,
    5639,
    5992,
    6344,
    6697,
    7049,
    7401,
    7754,
    8106,
    8459,
    8811,
    9163,
    9516,
    9868,
    10221,
    10573,
    10926,
    11278,
    11630,
    11983,
    12335,
    12688,
    13040,
    13393,
    13745,
    14097,
    14450,
    14802,
    15155,
    15507,
    15859,
    16212,
    16564,
    16917,
    17269,
    17622,
    17974,
    18326,
    18679,
    19031,
    19384,
    19736,
    20089,
    20441,
    20793,
    21146,
    21498,
    21851,
    22203,
    22556,
    22908,
    23260,
    23613,
    23965,
    24318,
    24670,
    25022,
    25375,
    25727,
    26080,
    26432,
    26785,
    27137,
    27489,
    27842,
    28194,
    28547,
    28899,
    29252,
    29604,
    29956,
    30309,
    30661,
    31014,
    31366,
    31718,
    32071,
    32423,
    32776,
    33128,
    33481,
    33833,
    34185,
    34538,
    34890,
    35243,
    35595,
    35948,
    36300,
    36652,
    37005,
    37357,
    37710,
    38062,
    38415,
    38767,
    39119,
    39472,
    39824,
    40177,
    40529,
    40881,
    41234,
    41586,
    41939,
    42291,
    42644,
    42996,
    43348,
    43701,
    44053,
    44406,
    44758,
    45111,
    45463,
    45815,
    46168,
    46520,
    46873,
    47225,
    47577,
    47930,
    48282,
    48635,
    48987,
    49340,
    49692,
    50044,
    50397,
    50749,
    51102,
    51454,
    51807,
    52159,
    52511,
    52864,
    53216,
    53569,
    53921,
    54274,
    54626,
    54978,
    55331,
    55683,
    56036,
    56388,
    56740,
    57093,
    57445,
    57798,
    58150,
    58503,
    58855,
    59207,
    59560,
    59912,
    60265,
    60617,
    60970,
    61322,
    61674,
    62027,
    62379,
    62732,
    63084,
    63436,
    63789,
    64141,
    64494,
    64846,
    65199,
    65551,
    65903,
    66256,
    66608,
    66961,
    67313,
    67666,
    68018,
    68370,
    68723,
    69075,
    69428,
    69780,
    70133
  ],
  "running_mean": [
    114.0,
    76.71104815864022,
    77.40851063829787,
    76.76654064272212,
    76.92978723404255,
    77.81452070334657,
    77.84869976359339,
    78.17267936765302,
    77.93971631205673,
    77.69419924337957,
    77.8158865248227,
    77.665978849626,
    77.87139479905437,
    77.73308598865124,
    77.68706931495744,
    77.70191034613202,
    77.55098421705976,
    77.69192256341789,
    77.75709331651954,
    77.75093325369568,
    77.5761100865371,
    77.58924469666262,
    77.54578282176941,
    77.45743893412288,
    77.54119872325334,
    77.52434456928839,
    77.55342136854742,
    77.5618957545187,
    77.64775030401297,
    77.62371587907249,
    77.4800907973139,
    77.46842394288852,
    77.4780989537152,
    77.55417024935511,
    77.4003171159142,
    77.3939197405756,
    77.39076292559899,
    77.45759202453988,
    77.3940117972075,
    77.44430702073481,
    77.4713059516209,
    77.47093425605536,
    77.48635319551411,
    77.45780270537776,
    77.38769587928033,
    77.33873510309603,
    77.31519861830742,
    77.37895435885052,
    77.39569663651947,
    77.39278475881638,
    77.37935535126546,
    77.36958940692111,
    77.36019862490451,
    77.35879865089137,
    77.38153538962744,
    77.43319232356583,
    77.47081475476287,
    77.44626412464532,
    77.43618218286777,
    77.38839994228827,
    77.43086162867682,
    77.44301795515862,
    77.43723399386755,
    77.50637301265594,
    77.51303422592659,
    77.53116815086433,
    77.54858125537403,
    77.57574217592004,
    77.58017942833298,
    77.5301834032404,
    77.53777867855695,
    77.56710095116297,
    77.54900492610838,
    77.50211839701481,
    77.53450920245399,
    77.51274969733656,
    77.49202912077655,
    77.49309061429045,
    77.51842555203899,
    77.48092809424611,
    77.50673902248705,
    77.48978876939783,
    77.4914010865428,
    77.48424039381922,
    77.45960005404675,
    77.43366938175991,
    77.46035830941304,
    77.48553537066631,
    77.46749854904236,
    77.43661926927246,
    77.42423860268617,
    77.41557793645349,
    77.39943867007989,
    77.38610568708812,
    77.39763945906786,
    77.40237746781757,
    77.39553099045311,
    77.39008336989907,
    77.3984886212288,
    77.42479220406993,
    77.42011179525012,
    77.42084562438545,
    77.42032936463781,
    77.43060606060607,
    77.38742769835207,
    77.36746385623564,
    77.37561902722382,
    77.3565632458234,
    77.35970259051022,
    77.35902642197058,
    77.35826863053629,
    77.37754032567295,
    77.38346169436562,
    77.39142225793492,
    77.40047788535729,
    77.43956179525772,
    77.4379540617891,
    77.43219188048698,
    77.43598807290915,
    77.46503254727104,
    77.47010002128113,
    77.47317324828815,
    77.5079542283003,
    77.49831595459999,
    77.50678474176792,
    77.4778335187161,
    77.45239382065486,
    77.47951204253988,
    77.45532131852542,
    77.45758088995447,
    77.45749208774419,
    77.43844221105527,
    77.43916595012898,
    77.43103705758112,
    77.4478348332451,
    77.44592975597453,
    77.4514708950553,
    77.44786877097054,
    77.46661869024365,
    77.46975728254435,
    77.47875962707742,
    77.49283586895275,
    77.50563504116377,
    77.49939480524634,
    77.50781296183176,
    77.50225040115846,
    77.49416954950053,
    77.50547223348197,
    77.51231810425813,
    77.52040524842414,
    77.53493871065375,
    77.54042017438364,
    77.53829640277026,
    77.51948220544871,
    77.52903784500866,
    77.53423278292388,
    77.54838298955946,
    77.53796244419945,
    77.56539697932942,
    77.56527946320223,
    77.56194580407178,
    77.56635530489955,
    77.55006743383602,
    77.55601009661416,
    77.55143776601267,
    77.5576268271711,
    77.57097926602054,
    77.55460028884546,
    77.56851385815867,
    77.56017461383479,
    77.58555881960208,
    77.60650460466275,
    77.60430242341258,
    77.63263900278825,
    77.62799647761,
    77.61619158802738,
    77.61160462379287,
    77.61307491303162,
    77.60659631448065,
    77.60054847504914,
    77.60328520083233,
    77.60994842370941,
    77.61196426622597,
    77.6127701801718,
    77.61481047404621,
    77.6233377812543,
    77.63039465454379,
    77.63450829249048,
    77.64459067858006,
    77.65260929618064,
    77.65102074341782,
    77.64102030811284,
    77.63810480891438,
    77.64438825016907,
    77.64892496709084,
    77.65283820554981,
    77.6646543612016,
    77.65526876764417,
    77.65776726855833,
    77.646158014059
  ],
  "block_size": 1402,
  "n_blocks": 50,