{
  "n_turns": 45690,
  "mu": 82.51551761873495,
  "running_mean_n": [
    1,
    230,
    460,
    689,
    919,
    1148,
    1378,
    1608,
    1837,
    2067,
    2296,
    2526,
    2756,
    2985,
    3215,
    3444,
    3674,
    3904,
    4133,
    4363,
    4592,
    4822,
    5052,
    5281,
    5511,
    5740,
    5970,
    6200,
    6429,
    6659,
    6888,
    7118,
    7347,
    7577,
    7807,
    8036,
    8266,
    8495,
    8725,
    8955,
    9184,
    9414,
    9643,
    9873,
    10103,
    10332,
    10562,
    10791,
    11021,
    11251,
    11480,
    11710,
    11939,
    12169,
    12399,
    12628,
    12858,
    13087,
    13317,
    13546,
    13776,
    14006,
    14235,
    14465,
    14694,
    14924,
    15154,
    15383,
    15613,
    15842,
    16072,
    16302,
    16531,
    16761,
    16990,
    17220,
    17450,
    17679,
    17909,
    18138,
    18368,
    18598,
    18827,
    19057,
    19286,
    19516,
    19745,
    19975,
    20205,
    20434,
    20664,
    20893,
    21123,
    21353,
    21582,
    21812,
    22041,
    22271,
    22501,
    22730,
    22960,
    23189,
    23419,
    23649,
    23878,
    24108,
    24337,
    24567,
    24797,
    25026,
    25256,
    25485,
    25715,
    25945,
    26174,
    26404,
    26633,
    26863,
    27092,
    27322,
    27552,
    27781,
    28011,
    28240,
    28470,
    28700,
    28929,
    29159,
    29388,
    29618,
    29848,
    30077,
    30307,
    30536,
    30766,
    30996,
    31225,
    31455,
    31684,
    31914,
    32144,
    32373,
    32603,
    32832,
    33062,
    33291,
    33521,
    33751,
    33980,
    34210,
    34439,
    34669,
    34899,
    35128,
    35358,
    35587,
    35817,
    36047,
    36276,
    36506,
    36735,
    36965,
    37195,
    37424,
    37654,
    37883,
    38113,
    38343,
    38572,
    38802,
    39031,
    39261,
    39490,
    39720,
    39950,
    40179,
    40409,
    40638,
    40868,
    41098,
    41327,
    41557,
    41786,
    42016,
    42246,
    42475,
    42705,
    42934,
    43164,
    43394,
    43623,
    43853,
    44082,
    44312,
    44542,
    44771,
    45001,
    45230,
    45460,
    45690
  ],
  "running_mean": [
    109.0,
    83.5695652173913,
    81.7304347826087,
    80.5166908563135,
    81.05549510337323,
    81.36672473867596,
    82.17053701015965,
    82.34203980099502,
    82.22427871529668,
    82.68069666182873,
    82.97648083623693,
    82.95724465558195,
    82.99492017416546,
    82.9319932998325,
    82.9234836702955,
    82.9924506387921,
    83.0119760479042,
    83.0625,
    83.00048390999274,
    83.04171441668576,
    83.1043118466899,
    83.04064703442555,
    82.75178147268409,
    82.31452376443855,
    82.34694247867901,
    82.23675958188153,
    82.14103852596315,
    81.92274193548387,
    81.88645201431015,
    81.98303048505781,
    82.04936120789779,
    82.00491711154818,
    81.93589220089832,
    81.96396990893493,
    81.9081593441783,
    81.84308113489298,
    81.8291797725623,
    81.62577987051206,
    81.55954154727793,
    81.46979341150195,
    81.5554224738676,
    81.67080943275973,
    81.54288084620968,
    81.60042540261318,
    81.48015440958132,
    81.43766937669376,
    81.30117402007195,
    81.34269298489482,
    81.38009255058525,
    81.44831570527064,
    81.48519163763066,
    81.24278394534586,
    81.09431275651227,
    81.09614594461337,
    81.09928220017743,
    81.12250554323725,
    81.14006843988179,
    81.12913578360205,
    81.12540361943381,
    81.15554407205079,
    81.13654181184668,
    81.17613879765814,
    81.25922023182297,
    81.33632907016937,
    81.42323397305023,
    81.38468239077996,
    81.38260525273856,
    81.42046414873562,
    81.40671235508871,
    81.4448301982073,
    81.436100049776,
    81.47307078886027,
    81.49065392293267,
    81.48911162818447,
    81.5409652736904,
    81.57665505226481,
    81.5814899713467,
    81.52944171050399,
    81.57842425596068,
    81.61324291542617,
    81.67143945993031,
    81.69200989353693,
    81.68263663886971,
    81.61678123524165,
    81.58939126827751,
    81.58249641319942,
    81.58875664725247,
    81.60750938673341,
    81.60579064587974,
    81.69027111676617,
    81.67910375532327,
    81.70817977312976,
    81.74544335558396,
    81.72420737132956,
    81.69344824390696,
    81.66733907940583,
    81.67623973503925,
    81.70998159040906,
    81.73863383849607,
    81.77135943686757,
    81.77835365853659,
    81.76178360429515,
    81.77932448012298,
    81.78510719269313,
    81.79747047491415,
    81.81711465073835,
    81.82084891317747,
    81.82419505841169,
    81.87696092269226,
    81.88635818748502,
    81.89471808679126,
    81.91124190700413,
    81.94703480458877,
    81.98728078627866,
    82.02047833728128,
    82.00382517800334,
    82.00679608005106,
    82.0058816960131,
    82.00191938579654,
    81.98276114486494,
    82.00293989547038,
    81.9772146431014,
    81.97604512512942,
    81.97039660056657,
    82.00565507551809,
    82.06853658536585,
    82.13526219364651,
    82.14842758667993,
    82.12382605144957,
    82.13890201904248,
    82.15264004288395,
    82.16291518436014,
    82.2006467152803,
    82.20664134136757,
    82.24598582851199,
    82.2542908762421,
    82.26888710968775,
    82.26304244158321,
    82.25546016917056,
    82.25292974869963,
    82.29834494773519,
    82.33762703487474,
    82.34052081096831,
    82.3625730994152,
    82.33794083842477,
    82.33834970412424,
    82.3326869723457,
    82.32233119018696,
    82.27622130665097,
    82.26565331774334,
    82.27808589099567,
    82.28723066716664,
    82.28293074300123,
    82.29574698246414,
    82.31251767633916,
    82.31654817770534,
    82.32970377195187,
    82.36752018198463,
    82.38667438526849,
    82.39560620172027,
    82.37631686402614,
    82.43251724604356,
    82.439037505041,
    82.43001817015819,
    82.39918733733468,
    82.43808568487184,
    82.43168997454937,
    82.4719244712203,
    82.47381520273774,
    82.46842946239884,
    82.45840485767724,
    82.43837395889051,
    82.44831602937452,
    82.44735649546828,
    82.47166458072591,
    82.44734811717564,
    82.44517310500136,
    82.41596535262562,
    82.40684643241656,
    82.43242980193683,
    82.43976093111041,
    82.46353201626681,
    82.46084813095295,
    82.44861481340442,
    82.4579841878521,
    82.45047675103002,
    82.46083596768528,
    82.46890576233288,
    82.5100546751923,
    82.52106281974467,
    82.52875776539899,
    82.52744396050441,
    82.53189510457783,
    82.54380303303846,
    82.52539176507565,
    82.52370954412454,
    82.49650007777605,
    82.50477559142162,
    82.51900571931368,
    82.51551761873495
  ],
  "block_size": 913,
  "n_blocks": 50,