{
  "n_human_turns": 22739,
  "n_ai_turns": 22951,
  "entropy_human": {
    "H_hat": 4.754333795719495,
    "n_samples": 1535982,
    "support_size": 1365,
    "log_support_bound": 7.21890970761906,
    "delta_se": 0.00040779306058209033,
    "chebyshev_eps": 0.051401364343937064,
    "delta": 0.05
  },
  "entropy_ai": {
    "H_hat": 4.795476523894999,
    "n_samples": 2234152,
    "support_size": 2239,
    "log_support_bound": 7.713784616598755,
    "delta_se": 0.0003599632268157144,
    "chebyshev_eps": 0.0437408648111157,
    "delta": 0.05
  },
  "delta_entropy": -0.04114272817550457,
  "delta_entropy_se": 0.0005439381443863721,
  "kl_human_to_ai": 0.029665443144745764,
  "kl_ai_to_human": 0.05312518199663244,
  "top_features_for_human": [
    1151,
    3028,
    2360,
    644,
    1749,
    1550,
    491,
    3179,
    2177,
    1366
  ],
  "top_features_for_ai": [
    2465,
    2034,
    171,
    2456,
    1831,
    1050,
    172,
    1056,
    1319,
    2818
  ],
  "max_posterior_human": 0.9999999230769349,
  "max_posterior_ai": 0.9999999924812032
}