{
  "n_human_turns": 34624,
  "n_ai_turns": 35509,
  "entropy_human": {
    "H_hat": 4.734287675583243,
    "n_samples": 2139514,
    "support_size": 1499,
    "log_support_bound": 7.312553498102598,
    "delta_se": 0.0003185217076489452,
    "chebyshev_eps": 0.04456546584615223,
    "delta": 0.05
  },
  "entropy_ai": {
    "H_hat": 4.783502989076815,
    "n_samples": 3306044,
    "support_size": 2234,
    "log_support_bound": 7.711548979629146,
    "delta_se": 0.000265510184425353,
    "chebyshev_eps": 0.036921378988857785,
    "delta": 0.05
  },
  "delta_entropy": -0.04921531349357178,
  "delta_entropy_se": 0.0004146706358993666,
  "kl_human_to_ai": 0.02771912945715107,
  "kl_ai_to_human": 0.04249537356414586,
  "top_features_for_human": [
    32,
    1324,
    88,
    1950,
    3731,
    3733,
    2081,
    164,
    2838,
    3653
  ],
  "top_features_for_ai": [
    3125,
    2354,
    2300,
    152,
    2662,
    3951,
    3445,
    3373,
    3032,
    1882
  ],
  "max_posterior_human": 0.9999999230769349,
  "max_posterior_ai": 0.9999999615384644
}