{
  "n_human_turns": 34624,
  "n_ai_turns": 35509,
  "entropy_human": {
    "H_hat": 4.734287675583243,
    "n_samples": 2139514,
    "support_size": 1499,
    "log_support_bound": 7.312553498102599,
    "chebyshev_eps": 0.04456546584615223,
    "delta": 0.05
  },
  "entropy_ai": {
    "H_hat": 4.783502989076814,
    "n_samples": 3306044,
    "support_size": 2234,
    "log_support_bound": 7.711548979629146,
    "chebyshev_eps": 0.03692137898885778,
    "delta": 0.05
  },
  "delta_entropy": -0.04921531349357089,
  "kl_human_to_ai": 0.027719129457151073,
  "kl_ai_to_human": 0.042495373564145844,
  "top_features_for_human": [
    32,
    1324,
    88,
    3731,
    1950,
    164,
    3733,
    2838,
    2081,
    3055,
    3194,
    3653,
    3528,
    2425,
    2784,
    1924,
    3908,
    1893,
    1455,
    1557
  ],
  "top_features_for_ai": [
    3125,
    2354,
    2300,
    152,
    2662,
    3951,
    3445,
    1882,
    3373,
    3032,
    1162,
    3880,
    3234,
    3970,
    1534,
    1213,
    4075,
    3873,
    2554,
    1052
  ]
}