{
  "n_human_turns": 22739,
  "n_ai_turns": 22951,
  "entropy_human": {
    "H_hat": 4.754333795719495,
    "n_samples": 1535982,
    "support_size": 1365,
    "log_support_bound": 7.218909707619061,
    "chebyshev_eps": 0.051401364343937064,
    "delta": 0.05
  },
  "entropy_ai": {
    "H_hat": 4.795476523894999,
    "n_samples": 2234152,
    "support_size": 2239,
    "log_support_bound": 7.713784616598756,
    "chebyshev_eps": 0.0437408648111157,
    "delta": 0.05
  },
  "delta_entropy": -0.04114272817550457,
  "kl_human_to_ai": 0.02966544314474577,
  "kl_ai_to_human": 0.05312518199663241,
  "top_features_for_human": [
    1151,
    3028,
    644,
    2360,
    3179,
    2177,
    1366,
    1550,
    491,
    1749,
    2900,
    80,
    600,
    983,
    2632,
    3321,
    1546,
    1400,
    1559,
    208
  ],
  "top_features_for_ai": [
    2465,
    2034,
    171,
    1831,
    2456,
    1050,
    172,
    1056,
    1319,
    2818,
    3330,
    513,
    2835,
    3889,
    2842,
    3951,
    3873,
    779,
    3764,
    213
  ]
}