{
  "features": "features_wildchat.npz",
  "k": 32,
  "n_conversations": 9995,
  "n_turn_transitions": 35695,
  "pooled": {
    "n_states": 32,
    "ck_residual": 1.4354652071507825,
    "mixing_time": 2,
    "tv_after_10": 1.2166883560339563e-05,
    "entropy_rate": 2.6040396782668185,
    "pi_entropy": 2.753644484574446,
    "pi_entropy_max": 3.4657359027997265
  },
  "role_coupled": {
    "ck_residual_coupled": 1.1535289724625988,
    "ck_residual_pooled": 1.4354652071507825,
    "ck_improvement": 0.28193623468818374,
    "kernel_l2_difference": 1.8463390022478796,
    "human_surprise": 2.942833084414539,
    "ai_self_surprise": 2.1799325413417137,
    "surprise_gap": 0.7629005430728255
  },
  "mcmc": {
    "mh_steps": 200000,
    "mh_acceptance_rate": 0.39395,
    "mh_tv_to_pi_final": 0.012423634839076835
  },
  "generative_check": {
    "n_synthetic_conversations": 9995,
    "surprise_gap_real": 0.7629005430728255,
    "surprise_gap_synthetic": 0.7510104058431599,
    "tv_mode_distribution_real_vs_synthetic": 0.006215773441115992,
    "mean_dwell_real": 1.1599979689245457,
    "mean_dwell_synthetic": 1.1599898580121704,
    "max_dwell_real": 12,
    "max_dwell_synthetic": 7,
    "mean_distinct_modes_real": 2.9759879939969984,
    "mean_distinct_modes_synthetic": 3.3949974987493747
  }
}